transactions_per_month,support_tickets,churn
2.0547945205479454,3,0
1.6666666666666667,4,1
1.6666666666666667,3,0
1.6438356164383563,4,1
1.8,4,1
2.0,2,0
1.7999999999999998,3,0
1.7999999999999998,3,0
1.5,4,1
1.5,5,1
